e_id,e_name,e_role
11,Justin Glass,Provider
12,Matthew Estrada,Technician
13,Michael Sutton,Technician
14,Michael Pearson,Technician
15,Alexandra Fitzgerald,Technician
16,John Butler,Technician
17,Renee Horne,Provider
18,Matthew Cook,Technician
19,Rachel Meyer,Technician
20,Melissa Miranda,Technician
21,Michael Reid,Technician
22,Brenda Johnson,Technician
23,Tiffany Stafford,Technician
24,Sara White,Technician
25,Timothy Bridges,Provider
26,Christina Harris,Provider
27,Meredith Krueger,Technician
28,Carlos Harper,Technician
29,Haley Kirk,Technician
30,Donna Johnson,Provider
31,Brian Long,Provider
32,Daniel Turner,Provider
33,Lynn Montoya,Technician
34,Laurie Bridges,Technician
35,Nicole Burgess,Provider
36,William Chung,Technician
37,Anna Williamson,Technician
38,Jessica Ramsey,Provider
39,James Lee,Provider
40,Shawn Johnson,Technician
41,David Martin,Technician
42,Allison Hill,Technician
43,Michael Thomas,Provider
44,Joshua Atkins,Technician
45,John Miller,Technician
46,Jennifer Chapman,Technician
47,Jeffrey Chavez,Technician
48,Bonnie Dawson,Technician
49,Jason Rodriguez,Provider
50,Mr. Mark Sanchez MD,Technician
51,Jonathan Martin,Provider
52,Amy Swanson,Technician
53,Stefanie Bryant,Technician
54,Brenda Hawkins,Provider
55,Trevor Hernandez,Technician
56,Kristin Wells,Technician
57,Kevin Smith,Technician
58,Christine May,Technician
59,Timothy Bautista,Provider
60,Kenneth Baker,Technician
